<?xml version="1.0" encoding="UTF-8" standalone="no"?>

<SoftwareLegalInformation>
    
  <OutputDateTime>2025-12-10T04:07:27.456Z</OutputDateTime>
    
  <CopyrightNotations>
        
    <TechnologyName array="true">Unity</TechnologyName>
      
  </CopyrightNotations>
    
  <DeclarationRequiredNotations>
        
    <TechnologyName>NintendoWare_Bezel_Engine-2_v0-</TechnologyName>
        
    <TechnologyName>NintendoWare_Bezel_Engine-1_</TechnologyName>
        
    <TechnologyName>NintendoWare_Bezel_Engine-1_</TechnologyName>
        
    <TechnologyName>NintendoWare_Bezel_Engine-1_</TechnologyName>
        
    <TechnologyName>Unity</TechnologyName>
        
    <TechnologyName>Bitsery</TechnologyName>
        
    <TechnologyName>imgui-knobs</TechnologyName>
        
    <TechnologyName>NintendoWare_Meshoptimizer_For_MeshCodec</TechnologyName>
        
    <TechnologyName>NintendoWare_Zstandard_For_MeshCodec</TechnologyName>
        
    <TechnologyName>SMAA_For_NDSR</TechnologyName>
        
    <TechnologyName>NEX</TechnologyName>
        
    <TechnologyName>NEX</TechnologyName>
        
    <TechnologyName>Breakpad</TechnologyName>
        
    <TechnologyName>Capstone</TechnologyName>
        
    <TechnologyName>glew</TechnologyName>
        
    <TechnologyName>NintendoSDK_imnodes</TechnologyName>
        
    <TechnologyName>NintendoSDK_implot</TechnologyName>
        
    <TechnologyName>NintendoSDK_libcurl</TechnologyName>
        
    <TechnologyName>NintendoSDK_movie</TechnologyName>
        
    <TechnologyName>NintendoSDK_OpenSSL_For_NintendoSDK</TechnologyName>
        
    <TechnologyName>NintendoSDK_Vulkan</TechnologyName>
        
    <TechnologyName>nlib_LZ4</TechnologyName>
        
    <TechnologyName>nlib_bsdiff</TechnologyName>
        
    <TechnologyName>NintendoSDK_Google_APIs_For_NPLN</TechnologyName>
        
    <TechnologyName>NintendoSDK_gRPC_For_NPLN</TechnologyName>
        
    <TechnologyName>NintendoSDK_ngtcp2_For_NPLN</TechnologyName>
        
    <TechnologyName>NintendoSDK_OpenSSL_For_NPLN</TechnologyName>
        
    <TechnologyName>NintendoSDK_raft_For_NPLN</TechnologyName>
        
    <TechnologyName>NintendoSDK_WebRTC_For_NPLN</TechnologyName>
        
    <TechnologyName>NRD</TechnologyName>
        
    <TechnologyName>Pia_ZStandard</TechnologyName>
        
    <TechnologyName>RTXGI</TechnologyName>
        
    <TechnologyName>SkiaGraphicsLibrary</TechnologyName>
        
    <TechnologyName>TrmwKit_virtual _background</TechnologyName>
        
    <TechnologyName>TrmwKit_face_detection</TechnologyName>
        
    <TechnologyName>TrmwKit_face_landmark</TechnologyName>
        
    <TechnologyName>Wslay</TechnologyName>
      
  </DeclarationRequiredNotations>
    
  <ProductRegions>
        
    <Usa>false</Usa>
        
    <Japan>true</Japan>
        
    <Europe>false</Europe>
        
    <Asia>false</Asia>
        
    <China>false</China>
      
  </ProductRegions>
    
  <FormatVersion>2.0.0</FormatVersion>
    
  <ApplicationId>0x0100acf026afa000</ApplicationId>
    
  <Platform>NX</Platform>
    
  <DataHash>98c9130bca8a5c3e9270b9a4e2a902b9</DataHash>
  
</SoftwareLegalInformation>
